{
  "legal_rate": 0.6536666666666666,
  "optimal_rate": 0.45002548572092077,
  "total_nums": 6000,
  "uci_nums": 2841,
  "san_nums": 1081
}