{
  "piece_match_rate": 0.98,
  "f1": 0.8537350889850889,
  "precision": 0.8763590187590189,
  "recall": 0.8732698412698412,
  "total_num": 200
}