{
  "piece_match_rate": 0.97,
  "f1": 0.7657068092893627,
  "precision": 0.8183690476190476,
  "recall": 0.7532075843842151,
  "total_num": 200
}