{
  "piece_match_rate": 1.0,
  "f1": 0.9995133437990582,
  "precision": 0.9998,
  "recall": 0.9992857142857143,
  "total_num": 200
}