{
  "piece_match_rate": 0.98,
  "f1": 0.8974959919942075,
  "precision": 0.8930852567456643,
  "recall": 0.9211737525698638,
  "total_num": 200
}