{
  "piece_match_rate": 0.981,
  "f1": 0.9023542979017581,
  "precision": 0.9153523997278952,
  "recall": 0.9086236065958765,
  "total_num": 2000
}