{
  "piece_match_rate": 0.61,
  "f1": 0.35220165606468773,
  "precision": 0.3450669413919414,
  "recall": 0.40723219981772607,
  "total_num": 200
}