{
  "piece_match_rate": 0.96,
  "f1": 0.8676954828428813,
  "precision": 0.8813676998926998,
  "recall": 0.8847496392496391,
  "total_num": 200
}