{
  "piece_match_rate": 0.7,
  "f1": 0.393553479200538,
  "precision": 0.39688265002970885,
  "recall": 0.42501143790849677,
  "total_num": 200
}