{
  "piece_match_rate": 0.805,
  "f1": 0.4799802598875827,
  "precision": 0.5074006132756133,
  "recall": 0.49292300332517736,
  "total_num": 200
}