{
  "piece_match_rate": 0.655,
  "f1": 0.31123311223311206,
  "precision": 0.3165651578813343,
  "recall": 0.3381502247752248,
  "total_num": 200
}