{
  "piece_match_rate": 0.035,
  "f1": 0.016307692307692308,
  "precision": 0.02,
  "recall": 0.014833333333333334,
  "total_num": 200
}