{
  "piece_match_rate": 0.655,
  "f1": 0.3559795305269443,
  "precision": 0.3689004329004329,
  "recall": 0.386780303030303,
  "total_num": 200
}