{
  "piece_match_rate": 0.32,
  "f1": 0.14212137681159423,
  "precision": 0.14677018633540373,
  "recall": 0.15238526570048308,
  "total_num": 200
}