{
  "piece_match_rate": 0.955,
  "f1": 0.8388483136456685,
  "precision": 0.8390476352594773,
  "recall": 0.8605368155236577,
  "total_num": 200
}