{
  "piece_match_rate": 0.53,
  "f1": 0.2860447469197469,
  "precision": 0.2904457070707071,
  "recall": 0.3154079670329671,
  "total_num": 200
}